Region,Product,Month,Units,Sales
North,Laptops,Jan,12,10800
North,Phones,Jan,19,12350
North,Tablets,Jan,26,10920
North,Monitors,Jan,10,2600
North,Headsets,Jan,17,1615
South,Laptops,Jan,24,21600
South,Phones,Jan,8,5200
South,Tablets,Jan,15,6300
South,Monitors,Jan,22,5720
South,Headsets,Jan,6,570
East,Laptops,Jan,13,11700
East,Phones,Jan,20,13000
East,Tablets,Jan,27,11340
East,Monitors,Jan,11,2860
East,Headsets,Jan,18,1710
West,Laptops,Jan,25,22500
West,Phones,Jan,9,5850
West,Tablets,Jan,16,6720
West,Monitors,Jan,23,5980
West,Headsets,Jan,7,665
North,Laptops,Feb,14,12600
North,Phones,Feb,21,13650
North,Tablets,Feb,5,2100
North,Monitors,Feb,12,3120
North,Headsets,Feb,19,1805
South,Laptops,Feb,26,23400
South,Phones,Feb,10,6500
South,Tablets,Feb,17,7140
South,Monitors,Feb,24,6240
South,Headsets,Feb,8,760
East,Laptops,Feb,15,13500
East,Phones,Feb,22,14300
East,Tablets,Feb,6,2520
East,Monitors,Feb,13,3380
East,Headsets,Feb,20,1900
West,Laptops,Feb,27,24300
West,Phones,Feb,11,7150
West,Tablets,Feb,18,7560
West,Monitors,Feb,25,6500
West,Headsets,Feb,9,855
